ID,Поставщик,Номер телефона поставщика,Страна поставщика
0,Stels,67-89-32,Германия
1,GT,99-98-75,Чехия
2,Mountain River,34-56-10,Соединенные штаты
3,КАНТ,56-78-19,Россия
4,Shimano,87-16-19,Китай
